StudentID,Age,Gender,Grade,Attendance,MathScore,EnglishScore,ScienceScore,HistoryScore,Sport,SportScore
1,12,Female,9,86.98,80.67,108.68,72.78,79.36,Volleyball,93
2,9,Female,4,99.04,74.01,86.31,54.07,59.35,Volleyball,70
3,16,Female,12,91.32,92.95,83.0,87.02,74.7,Gymnastics,72
4,13,Male,9,89.54,66.04,89.49,78.77,71.09,Running,79
5,10,Female,5,96.77,84.91,89.9,64.69,74.59,Gymnastics,78
6,12,Female,9,90.19,90.89,86.45,74.23,67.36,Gymnastics,96
7,15,Female,12,97.71,99.16,98.75,70.28,85.95,Track,85
8,8,Male,5,81.75,81.25,87.4,55.16,65.78,Football,62
9,12,Female,9,86.51,88.48,89.49,76.06,80.5,Volleyball,74
10,16,Male,11,99.82,81.04,83.02,98.6,95.49,Track,97
11,16,Male,12,91.98,93.41,82.06,69.85,73.55,Football,90
12,13,Male,8,93.58,80.55,101.35,61.41,91.59,Basketball,80
13,10,Male,5,89.53,80.18,70.72,72.47,69.67,Basketball,83
14,9,Male,4,86.37,46.5,72.48,57.14,74.81,Swimming,99
15,13,Male,9,92.62,69.03,87.25,83.69,79.1,Basketball,80
16,13,Female,9,87.02,82.3,63.99,71.65,67.15,Volleyball,68
17,8,Male,5,91.85,60.99,64.37,53.79,70.72,Football,60
18,11,Female,5,83.74,71.91,77.05,60.02,69.27,Swimming,85
19,10,Female,5,88.91,51.2,74.16,63.05,59.99,Volleyball,71
20,7,Male,4,94.77,66.82,53.76,74.33,67.34,Football,83
21,13,Female,8,87.64,91.04,75.43,68.63,53.72,Volleyball,72
22,17,Female,11,93.11,83.64,106.16,81.0,94.88,Track,75
23,11,Female,4,88.57,71.99,83.44,66.32,72.68,Volleyball,60
24,7,Female,5,92.57,74.68,62.75,75.4,66.87,Gymnastics,52
25,17,Male,11,91.35,86.5,96.25,70.02,71.36,Football,76
26,10,Female,5,92.55,56.93,81.61,73.9,72.56,Volleyball,74
27,6,Male,4,99.89,78.2,69.42,82.31,71.96,Swimming,70
28,17,Female,11,94.81,92.62,79.85,71.52,65.9,Volleyball,78
29,15,Female,11,92.06,85.92,96.17,83.98,86.98,Gymnastics,82
30,11,Male,4,93.47,74.53,53.52,60.02,70.31,Swimming,87
31,17,Female,11,95.38,70.98,82.13,71.64,83.46,Gymnastics,94
32,14,Female,9,91.98,77.43,88.06,90.68,76.66,Volleyball,85
33,6,Female,5,84.85,65.34,81.99,64.31,61.52,Swimming,75
34,16,Male,12,96.84,97.82,96.38,87.35,71.36,Football,94
35,16,Female,12,98.77,71.02,86.96,90.83,99.03,Track,93
36,15,Male,12,99.31,75.06,99.55,88.44,78.41,Basketball,92
37,17,Female,11,98.75,70.1,74.86,67.35,72.64,Volleyball,93
38,17,Male,11,94.06,76.24,90.87,66.69,92.9,Basketball,76
39,8,Male,5,85.65,57.28,78.17,70.76,67.83,Swimming,81
40,17,Female,11,91.62,83.54,77.21,73.18,89.46,Volleyball,98
41,12,Female,9,91.58,81.7,91.68,75.11,71.33,Gymnastics,87
42,9,Male,5,95.43,80.28,64.29,51.08,71.37,Swimming,56
43,14,Male,8,96.83,57.18,67.09,65.59,76.65,Running,87
44,8,Female,5,94.82,54.52,68.05,79.11,75.16,Volleyball,89
45,10,Male,5,99.51,65.36,89.15,47.62,56.18,Football,59
46,8,Female,5,93.07,71.57,75.06,62.51,59.6,Gymnastics,74
47,12,Female,9,86.07,67.52,86.8,67.75,74.67,Gymnastics,63
48,10,Female,4,91.86,73.13,76.92,65.31,92.58,Volleyball,92
49,14,Female,9,96.72,90.12,72.15,75.14,76.02,Volleyball,88
50,12,Male,8,89.02,93.63,87.31,81.65,95.89,Basketball,82
51,7,Female,4,84.85,59.96,62.81,72.19,70.11,Volleyball,57
52,9,Male,4,85.44,52.4,90.22,56.2,46.31,Football,66
53,14,Female,8,85.17,78.65,95.58,88.41,83.13,Gymnastics,81
54,17,Male,12,99.29,80.34,85.0,87.68,72.21,Football,88
55,7,Female,4,85.78,80.47,50.41,71.81,86.28,Swimming,60
56,15,Male,12,91.63,70.57,89.56,87.65,80.25,Football,71
57,14,Male,9,97.14,75.59,93.13,82.66,87.81,Football,88
58,15,Female,11,98.23,69.36,97.72,77.73,70.7,Volleyball,91
59,10,Female,4,99.08,69.83,84.01,89.74,61.86,Gymnastics,59
60,7,Female,5,97.31,76.55,87.85,82.54,75.4,Gymnastics,55
61,9,Female,5,91.54,93.8,51.83,68.47,58.36,Volleyball,94
62,17,Male,11,97.61,72.6,99.12,79.71,79.75,Track,93
63,17,Female,12,92.56,85.94,93.15,73.71,81.26,Track,95
64,12,Male,9,92.55,97.67,58.3,81.47,99.59,Football,81
65,17,Male,11,93.13,67.34,118.01,71.85,57.68,Track,83
66,13,Female,8,96.47,76.84,95.42,75.9,89.69,Gymnastics,61
67,8,Male,5,98.83,58.39,75.14,81.35,68.16,Football,76
68,6,Male,4,90.59,77.31,76.06,72.16,68.33,Swimming,52
69,9,Male,5,94.65,63.07,80.54,63.24,68.49,Basketball,73
70,7,Male,4,98.48,61.31,82.98,72.79,69.43,Swimming,59
71,13,Female,9,95.44,82.87,72.53,80.49,79.18,Gymnastics,74
72,9,Female,4,95.95,88.68,64.09,74.76,68.35,Gymnastics,95
73,7,Female,4,90.16,76.26,78.36,52.68,64.54,Gymnastics,85
74,11,Female,5,95.01,78.96,76.24,61.01,77.26,Volleyball,70
75,11,Male,4,92.56,81.22,71.45,65.42,69.88,Football,94
76,15,Male,12,96.6,82.59,108.47,74.84,74.34,Football,82
77,9,Female,4,97.14,74.79,71.31,84.94,71.09,Swimming,72
78,11,Female,5,89.34,54.51,89.8,61.65,79.22,Gymnastics,87
79,7,Female,4,87.19,63.76,75.06,72.84,79.68,Volleyball,54
80,15,Male,11,93.6,72.63,96.02,84.46,71.61,Football,93
81,17,Female,12,91.89,67.57,81.84,75.81,84.29,Volleyball,74
82,7,Female,4,88.87,57.9,74.42,59.04,64.72,Swimming,65
83,15,Female,11,95.34,90.14,89.18,78.02,86.45,Gymnastics,98
84,9,Male,5,86.91,64.61,63.92,65.97,73.36,Swimming,95
85,13,Male,9,98.38,81.75,81.88,63.05,79.69,Running,67
86,12,Male,8,89.31,54.97,82.17,79.34,57.4,Running,92
87,17,Male,11,92.04,84.57,89.61,85.26,80.78,Basketball,86
88,14,Male,9,86.73,81.21,90.23,70.8,74.73,Football,95
89,13,Male,8,90.83,76.21,90.92,77.55,89.22,Football,95
90,10,Male,4,89.99,81.87,73.43,56.08,81.79,Basketball,79
91,7,Male,4,82.13,65.47,85.31,86.45,76.05,Swimming,97
92,10,Female,4,80.61,54.6,91.85,69.53,71.84,Gymnastics,63
93,13,Female,8,98.87,86.7,108.1,68.22,76.12,Volleyball,71
94,15,Male,12,92.1,84.47,90.6,81.44,85.97,Track,85
95,14,Male,9,92.09,83.82,91.91,62.54,85.38,Basketball,66
96,17,Female,12,94.35,83.73,96.14,81.16,80.55,Gymnastics,97
97,17,Male,12,99.02,87.32,86.36,89.72,101.99,Football,92
98,17,Male,11,90.35,79.24,86.48,79.06,80.61,Basketball,81
99,14,Male,9,98.55,68.51,75.84,75.82,73.14,Running,89
100,6,Female,4,88.03,71.35,64.42,65.36,78.76,Swimming,86
101,14,Female,8,85.73,69.96,82.61,83.39,76.43,Volleyball,77
102,12,Female,8,91.72,83.66,86.74,71.0,78.47,Running,95
103,14,Female,9,91.68,88.43,77.69,78.28,61.35,Volleyball,63
104,13,Female,8,98.43,70.6,97.97,72.52,74.79,Running,80
105,6,Male,4,82.71,63.33,61.41,83.84,78.45,Swimming,98
106,17,Female,11,97.58,76.01,94.84,64.0,73.63,Gymnastics,88
107,13,Male,9,91.79,84.12,80.84,75.36,79.97,Football,62
108,13,Male,9,97.53,77.27,86.74,80.12,78.57,Football,94
109,16,Female,12,98.11,73.17,88.19,75.01,69.92,Track,87
110,8,Female,4,80.19,73.77,81.57,59.1,71.28,Swimming,81
111,6,Male,5,97.36,65.58,60.36,74.02,80.87,Swimming,60
112,13,Male,9,94.1,67.93,89.8,77.44,75.38,Football,74
113,8,Male,4,83.25,68.9,77.22,63.3,67.27,Football,98
114,8,Female,4,80.14,71.63,80.17,60.29,55.94,Gymnastics,90
115,6,Female,4,89.13,66.33,74.94,83.99,84.12,Volleyball,75
116,16,Female,12,98.25,93.23,98.13,75.79,78.89,Volleyball,70
117,10,Female,5,81.05,70.99,75.79,62.26,79.94,Gymnastics,51
118,15,Female,12,99.35,75.4,77.2,79.17,75.36,Track,98
119,12,Male,9,91.67,87.76,78.32,62.66,86.29,Basketball,67
120,15,Female,12,96.44,87.88,84.51,68.67,101.68,Track,75
121,14,Male,9,86.54,73.49,84.16,75.28,84.25,Running,93
122,17,Male,12,96.72,101.62,78.76,79.73,85.2,Football,79
123,12,Male,8,86.28,89.45,84.18,74.48,67.35,Running,81
124,14,Female,9,90.12,75.22,85.4,59.53,71.63,Gymnastics,64
125,13,Female,9,99.43,79.41,76.57,55.28,77.82,Running,74
126,17,Female,12,94.67,72.48,99.37,58.12,79.29,Track,75
127,7,Male,5,91.86,54.25,84.75,61.28,75.81,Football,68
128,6,Male,5,82.97,82.22,78.8,66.46,64.69,Football,68
129,12,Male,8,95.48,82.36,82.01,79.86,74.87,Running,64
130,12,Male,9,89.41,97.36,76.66,70.03,63.94,Football,75
131,13,Male,8,95.08,77.22,72.27,75.24,81.84,Running,69
132,10,Male,4,97.4,54.17,85.22,60.26,60.28,Swimming,66
133,8,Female,5,89.14,83.69,67.93,73.39,77.87,Volleyball,79
134,17,Female,12,90.26,80.44,89.33,83.81,78.27,Track,95
135,13,Female,9,94.46,96.35,76.77,72.84,75.83,Volleyball,83
136,11,Female,4,82.24,78.89,69.49,78.89,76.66,Volleyball,63
137,16,Male,11,92.4,75.39,85.45,80.68,88.58,Basketball,85
138,8,Male,5,90.05,61.03,74.64,51.4,71.47,Swimming,57
139,6,Female,4,95.84,72.79,81.62,46.58,51.42,Gymnastics,77
140,8,Male,4,86.3,85.75,69.69,51.78,65.85,Football,60
141,10,Female,5,85.02,66.15,83.88,59.62,85.29,Volleyball,63
142,8,Female,4,90.19,62.14,65.73,83.14,68.93,Gymnastics,64
143,6,Female,4,98.18,71.21,71.66,61.46,75.57,Volleyball,86
144,10,Male,5,86.14,76.83,65.42,61.66,83.65,Basketball,55
145,15,Female,12,93.48,73.72,74.58,66.94,79.88,Track,77
146,12,Female,9,96.56,96.58,84.11,66.31,89.29,Gymnastics,71
147,12,Female,9,88.96,80.57,82.39,54.26,85.46,Volleyball,75
148,16,Male,11,99.46,69.96,84.27,70.14,79.04,Basketball,89
149,14,Male,9,90.13,78.89,94.9,73.81,79.89,Football,84
150,15,Female,11,94.93,85.18,92.97,104.49,83.61,Volleyball,70
151,15,Male,11,90.79,63.42,91.62,84.25,82.2,Basketball,90
152,17,Male,11,91.72,89.82,82.1,93.02,77.06,Track,74
153,8,Male,4,89.39,56.99,82.66,47.33,73.82,Swimming,55
154,12,Male,9,95.28,89.78,77.96,75.52,74.95,Basketball,93
155,6,Male,5,99.91,67.37,91.16,51.48,73.56,Swimming,78
156,9,Male,5,80.21,72.16,62.04,57.2,81.4,Football,83
157,9,Male,4,97.9,70.54,77.02,47.28,79.07,Basketball,50
158,10,Male,4,82.98,74.61,84.03,62.96,55.25,Football,64
159,12,Male,8,91.64,85.44,69.8,75.22,74.17,Football,88
160,12,Male,8,95.03,77.05,75.62,73.45,98.31,Football,99
161,16,Female,12,98.44,99.86,91.16,90.61,81.47,Track,73
162,9,Female,4,94.6,56.9,85.15,56.2,61.9,Swimming,67
163,12,Male,8,98.07,67.82,74.5,67.26,73.76,Running,83
164,16,Female,12,93.41,99.96,104.01,66.99,67.38,Volleyball,90
165,8,Female,4,81.49,74.44,74.36,46.51,64.24,Volleyball,85
166,11,Male,4,87.03,61.77,64.05,51.78,74.02,Swimming,64
167,17,Male,11,91.27,87.24,87.74,85.17,70.49,Football,82
168,7,Male,5,80.48,61.89,48.22,57.08,71.36,Football,65
169,15,Female,12,93.69,88.2,83.75,92.91,94.8,Track,81
170,14,Female,9,96.75,80.81,80.74,83.83,81.49,Running,80
171,10,Male,5,83.79,83.86,63.09,70.26,77.06,Basketball,95
172,11,Male,5,89.19,69.87,63.96,70.5,82.82,Swimming,93
173,17,Male,11,96.08,90.82,91.39,77.42,72.75,Track,93
174,17,Female,11,93.44,60.45,100.14,66.92,87.33,Volleyball,88
175,17,Female,12,96.94,90.01,93.85,90.48,102.82,Gymnastics,71
176,17,Female,11,98.84,92.41,92.76,78.39,96.35,Track,91
177,9,Female,4,91.4,70.19,54.5,81.37,72.56,Volleyball,93
178,16,Male,12,90.12,102.15,108.5,92.33,87.88,Track,71
179,15,Male,12,98.8,93.95,96.38,78.83,82.76,Basketball,89
180,12,Male,8,98.02,96.44,66.55,78.43,79.37,Football,69
181,17,Male,11,97.31,84.46,99.76,84.07,80.94,Basketball,98
182,14,Female,8,95.13,72.97,79.75,60.24,82.77,Running,80
183,12,Female,8,96.66,66.5,84.44,79.1,72.22,Gymnastics,64
184,6,Male,4,89.32,58.37,84.78,52.47,58.59,Basketball,94
185,6,Male,5,88.91,82.04,70.11,79.94,78.64,Basketball,90
186,14,Female,9,85.2,82.29,66.05,65.56,77.76,Running,72
187,16,Male,11,94.9,82.57,82.63,79.12,74.04,Basketball,93
188,14,Female,8,99.77,68.8,87.46,79.81,80.43,Volleyball,68
189,9,Male,5,83.29,72.38,77.33,69.24,74.04,Basketball,67
190,14,Male,8,91.71,81.72,92.8,66.39,78.63,Football,64
191,8,Male,5,80.29,76.1,78.3,67.81,73.31,Swimming,84
192,12,Male,9,98.79,80.7,95.27,66.82,83.22,Football,90
193,11,Male,5,80.42,68.01,87.3,56.83,79.14,Football,58
194,13,Male,8,88.14,86.49,99.48,79.05,74.03,Basketball,86
195,16,Male,12,98.43,98.12,84.87,77.18,80.97,Track,73
196,14,Female,9,94.82,90.08,68.24,63.85,87.06,Volleyball,94
197,10,Female,5,82.08,63.26,81.35,58.23,63.6,Gymnastics,93
198,6,Female,5,85.91,67.82,63.05,84.95,71.43,Swimming,60
199,8,Female,5,81.81,68.31,76.39,54.04,61.97,Volleyball,67
200,15,Female,12,98.03,96.36,92.07,73.98,78.42,Gymnastics,73
201,17,Male,11,99.68,86.41,99.76,91.36,81.59,Football,79
202,13,Male,8,92.55,61.47,87.63,67.31,75.58,Basketball,84
203,16,Female,11,96.15,78.95,95.88,62.01,66.5,Track,98
204,11,Male,4,94.85,76.59,74.4,64.08,72.46,Basketball,54
205,13,Female,9,92.79,69.73,59.85,72.17,89.86,Volleyball,72
206,14,Female,8,89.47,91.75,94.12,62.65,80.38,Volleyball,98
207,9,Male,4,87.7,76.54,65.47,83.96,102.51,Football,74
208,6,Male,4,97.1,74.65,89.25,70.6,72.13,Basketball,50
209,6,Male,4,99.05,55.27,63.0,58.9,74.11,Swimming,52
210,15,Female,11,95.64,87.06,87.86,67.16,106.05,Volleyball,75
211,9,Male,5,85.41,82.45,86.18,66.81,67.57,Basketball,77
212,17,Female,12,99.23,79.76,100.36,96.65,74.79,Gymnastics,90
213,12,Female,9,95.25,82.26,94.0,68.7,77.38,Gymnastics,63
214,7,Female,4,83.75,74.68,85.89,44.17,64.31,Volleyball,98
215,8,Male,4,80.52,72.69,74.81,31.18,65.73,Basketball,81
216,6,Male,5,91.07,67.04,63.76,68.31,62.75,Basketball,98
217,10,Female,5,82.87,89.54,94.31,67.16,70.87,Swimming,80
218,6,Male,5,99.89,76.35,72.0,52.27,58.94,Football,99
219,13,Male,8,95.99,84.53,89.95,80.13,73.68,Basketball,83
220,6,Male,4,85.16,65.68,67.12,66.28,66.58,Swimming,83
221,16,Female,11,98.13,78.5,101.28,77.81,102.28,Track,74
222,6,Female,5,81.59,71.53,73.73,50.98,76.81,Volleyball,91
223,7,Male,5,95.56,75.65,85.3,57.03,53.16,Basketball,67
224,7,Female,4,93.09,63.72,69.09,77.55,84.16,Volleyball,82
225,17,Male,12,97.67,99.11,81.0,76.99,88.16,Track,85
226,11,Male,5,90.5,77.25,76.7,45.25,84.59,Basketball,81
227,12,Male,9,94.51,92.54,85.67,83.35,68.78,Running,72
228,10,Male,5,86.61,77.71,69.13,57.2,90.0,Football,92
229,6,Female,5,93.2,78.45,54.03,83.92,66.58,Volleyball,51
230,6,Female,5,87.78,57.15,60.83,59.56,81.39,Volleyball,95
231,8,Female,5,82.63,70.57,63.0,57.39,73.39,Swimming,93
232,7,Male,5,98.74,59.04,75.04,51.06,66.42,Swimming,73
233,10,Male,5,99.68,67.25,82.32,69.09,78.03,Basketball,52
234,17,Male,11,93.67,85.98,84.96,61.65,94.07,Basketball,99
235,15,Female,11,91.8,80.41,101.77,81.93,89.26,Gymnastics,86
236,11,Male,5,93.61,69.68,74.4,51.06,62.71,Football,89
237,12,Female,8,92.04,75.61,83.15,74.44,83.5,Gymnastics,80
238,9,Female,4,90.28,82.75,82.24,54.66,78.54,Gymnastics,98
239,12,Female,9,93.78,75.41,94.37,63.0,77.96,Volleyball,83
240,16,Female,11,90.96,97.14,86.91,84.14,69.33,Volleyball,70
241,13,Female,8,92.44,93.45,78.19,62.31,81.53,Volleyball,91
242,16,Female,11,90.54,76.75,86.55,82.55,70.2,Volleyball,99
243,6,Male,5,81.82,80.68,70.71,79.35,71.3,Football,61
244,11,Male,4,85.72,73.86,75.33,63.38,60.24,Swimming,70
245,13,Female,9,91.51,80.63,102.4,49.45,80.33,Running,95
246,10,Female,5,82.39,78.45,78.64,66.31,70.75,Swimming,74
247,9,Male,5,81.11,78.75,71.9,60.6,72.08,Basketball,71
248,7,Female,4,82.13,77.66,64.14,53.76,63.37,Volleyball,97
249,11,Female,4,96.44,74.86,59.97,46.87,74.5,Swimming,61
250,11,Male,5,88.27,49.41,71.26,73.16,76.23,Basketball,91
251,16,Female,11,97.7,83.03,86.85,95.67,83.6,Gymnastics,83
252,6,Female,4,80.96,76.1,60.6,69.92,92.2,Volleyball,97
253,14,Female,9,86.74,82.69,79.96,89.1,85.99,Volleyball,97
254,17,Male,11,93.78,83.6,89.39,84.35,75.79,Track,88
255,16,Male,12,94.73,90.35,100.35,89.41,63.61,Basketball,93
256,11,Male,5,99.36,72.31,89.96,53.12,70.95,Basketball,67
257,8,Female,5,90.28,63.84,71.06,72.84,57.3,Volleyball,61
258,9,Female,4,95.59,67.52,75.67,80.79,60.85,Volleyball,90
259,17,Male,12,97.83,78.39,88.98,92.09,79.07,Track,78
260,16,Female,12,99.99,69.24,86.41,70.18,84.92,Volleyball,80
261,9,Female,4,95.73,73.45,64.55,69.97,61.67,Gymnastics,94
262,8,Female,4,88.1,79.13,76.86,65.15,65.53,Swimming,71
263,15,Female,11,90.6,85.46,103.11,75.71,98.39,Volleyball,89
264,8,Female,5,97.0,63.61,72.94,68.04,90.72,Gymnastics,77
265,8,Male,4,91.75,67.51,61.04,73.19,85.7,Basketball,76
266,9,Female,5,89.92,73.21,83.72,77.27,67.72,Gymnastics,93
267,12,Male,8,92.36,84.24,82.55,83.33,63.04,Basketball,70
268,9,Female,4,89.84,76.06,84.16,66.62,77.01,Volleyball,74
269,14,Male,8,94.27,67.89,62.15,87.85,78.25,Running,65
270,6,Female,4,85.57,73.23,74.91,70.4,66.31,Gymnastics,94
271,13,Male,9,90.68,77.39,88.86,76.77,70.47,Basketball,74
272,12,Female,9,85.08,87.33,71.43,73.93,89.18,Volleyball,76
273,7,Male,4,86.5,73.13,77.8,61.69,69.11,Basketball,89
274,13,Female,8,98.68,92.86,91.36,69.9,99.86,Gymnastics,89
275,6,Male,4,99.23,69.41,66.89,72.24,63.84,Swimming,84
276,16,Female,11,97.14,86.35,81.0,91.3,99.58,Track,92
277,17,Male,11,95.43,104.63,86.29,68.87,76.24,Basketball,71
278,14,Male,8,87.97,75.91,89.67,85.08,89.09,Football,81
279,14,Female,9,96.58,78.94,95.38,79.72,87.05,Volleyball,88
280,7,Female,4,89.67,55.45,61.66,69.59,57.17,Swimming,69
281,12,Male,8,94.34,66.08,90.9,67.16,106.3,Basketball,87
282,15,Female,11,91.35,80.05,85.96,85.65,77.05,Track,77
283,8,Male,5,96.21,81.04,67.89,40.92,74.06,Football,90
284,12,Male,9,94.06,96.73,80.06,70.29,78.38,Running,69
285,17,Male,12,98.96,94.62,75.64,79.28,71.93,Football,96
286,15,Female,12,92.83,85.69,99.55,85.42,77.7,Volleyball,85
287,14,Male,8,85.49,87.43,83.3,59.83,82.66,Basketball,95
288,9,Male,4,81.36,65.54,68.91,63.98,60.07,Swimming,65
289,17,Female,11,90.73,74.03,95.34,75.24,80.64,Track,98
290,6,Female,5,90.18,60.37,68.35,79.18,74.23,Gymnastics,82
291,7,Female,5,82.79,77.17,67.44,49.2,75.17,Gymnastics,85
292,6,Female,5,97.32,73.03,65.25,57.58,82.83,Swimming,90
293,17,Male,12,92.04,83.29,96.84,70.52,85.71,Track,77
294,10,Male,5,93.52,80.93,73.4,62.68,74.33,Basketball,59
295,10,Male,5,92.37,82.27,87.15,56.67,60.93,Swimming,98
296,16,Male,11,97.59,82.95,82.05,89.63,101.01,Track,89
297,12,Female,9,85.6,86.12,67.71,90.07,80.6,Volleyball,67
298,14,Male,8,92.3,67.06,70.64,86.48,70.42,Running,93
299,14,Male,8,95.53,83.67,89.15,83.34,81.74,Basketball,63
300,8,Female,4,88.64,50.29,74.11,64.7,83.5,Swimming,80
301,8,Male,5,80.22,68.96,74.58,70.87,71.62,Football,85
302,8,Male,5,94.6,93.64,78.04,64.58,69.38,Swimming,78
303,9,Male,5,91.44,64.8,55.75,61.36,50.45,Swimming,94
304,13,Male,9,95.89,90.8,67.86,59.04,68.71,Running,71
305,11,Male,5,82.55,52.35,74.2,74.14,58.75,Football,82
306,13,Male,9,91.74,76.34,76.58,86.62,65.35,Football,77
307,6,Female,4,92.71,89.09,78.75,63.89,74.83,Volleyball,94
308,13,Female,9,93.74,87.97,85.9,57.1,68.61,Running,99
309,9,Male,5,94.62,68.11,84.42,80.98,72.52,Football,67
310,16,Male,11,96.77,97.77,69.51,95.35,94.37,Basketball,77
311,6,Female,5,83.52,62.04,64.61,60.33,80.04,Swimming,95
312,13,Male,9,93.1,74.71,79.11,79.15,73.29,Running,88
313,9,Male,4,87.0,70.34,91.62,86.31,93.65,Football,97
314,11,Male,5,84.88,77.05,75.39,48.77,84.44,Basketball,86
315,13,Female,9,85.81,74.59,96.92,75.02,73.81,Gymnastics,60
316,9,Male,4,83.98,71.31,73.24,70.6,78.39,Swimming,71
317,8,Female,4,99.68,75.93,70.74,52.92,51.0,Swimming,89
318,14,Male,8,99.56,93.19,75.81,63.56,90.96,Basketball,68
319,8,Female,4,97.04,80.28,77.45,61.7,72.57,Swimming,90
320,14,Female,9,98.17,78.82,74.35,74.64,79.45,Gymnastics,99
321,7,Male,4,85.09,64.72,79.7,74.73,66.04,Football,93
322,7,Female,5,91.38,67.37,55.23,58.72,64.43,Swimming,83
323,7,Male,4,80.87,64.17,79.49,75.71,61.43,Swimming,90
324,11,Female,4,89.16,90.05,62.82,75.89,74.93,Swimming,70
325,8,Male,5,86.61,66.22,78.53,61.95,55.08,Football,96
326,14,Male,8,95.59,96.53,76.48,60.58,73.84,Basketball,81
327,9,Female,4,91.39,83.33,61.81,65.09,80.19,Gymnastics,90
328,6,Male,5,83.92,73.98,83.59,64.94,66.97,Basketball,78
329,9,Male,5,90.26,61.36,71.27,62.89,64.88,Football,72
330,6,Female,5,90.37,47.96,85.6,63.13,74.16,Gymnastics,84
331,10,Male,4,88.81,78.38,67.29,60.92,65.03,Basketball,62
332,9,Male,5,86.35,67.43,71.7,72.77,63.04,Football,50
333,13,Female,9,99.29,87.23,78.16,57.16,89.29,Volleyball,71
334,13,Female,8,91.07,81.65,82.88,82.39,80.83,Gymnastics,89
335,12,Male,9,94.12,69.3,92.25,82.85,93.93,Football,60
336,8,Male,4,83.66,62.92,97.2,71.21,90.19,Swimming,80
337,6,Female,5,88.99,75.38,78.73,59.67,78.78,Gymnastics,51
338,6,Female,5,85.93,78.51,70.03,72.81,81.81,Swimming,69
339,17,Male,12,96.91,108.39,87.25,85.89,85.38,Track,90
340,16,Female,11,91.79,74.15,82.23,73.97,77.7,Gymnastics,82
341,8,Male,4,81.83,69.28,65.39,57.34,64.93,Swimming,93
342,11,Male,4,86.37,92.57,68.85,57.77,66.23,Basketball,88
343,12,Male,8,90.23,91.15,82.3,67.66,77.98,Running,95
344,11,Male,4,82.57,60.2,92.11,59.06,80.25,Basketball,63
345,11,Male,5,91.48,70.95,83.28,71.9,71.36,Football,99
346,11,Female,4,89.1,79.88,77.81,53.93,76.4,Swimming,91
347,8,Female,4,83.27,55.19,67.45,72.58,81.03,Gymnastics,93
348,11,Female,4,86.08,43.87,61.62,74.38,74.28,Volleyball,86
349,13,Female,9,92.32,75.42,87.86,63.1,96.11,Gymnastics,70
350,16,Male,11,94.14,69.02,88.84,63.25,78.53,Football,93
351,16,Male,11,94.83,80.78,86.36,81.64,83.92,Basketball,82
352,7,Male,5,92.84,57.55,78.67,63.61,75.11,Swimming,83
353,10,Male,4,85.51,66.97,64.34,65.26,71.07,Basketball,67
354,6,Female,4,80.78,75.77,82.95,67.88,63.82,Volleyball,98
355,17,Male,12,94.89,88.47,96.69,101.42,75.3,Football,71
356,6,Male,4,91.76,76.95,67.85,57.39,62.41,Football,68
357,10,Female,5,85.31,69.3,69.33,65.46,66.14,Swimming,88
358,17,Female,12,92.85,99.23,98.63,72.31,82.52,Track,98
359,8,Female,5,85.04,81.62,76.34,62.27,62.87,Swimming,52
360,9,Female,4,96.47,86.84,76.03,68.95,54.4,Swimming,96
361,8,Male,5,85.91,66.19,81.64,62.54,72.73,Football,84
362,6,Male,5,85.11,70.58,83.43,65.22,64.64,Basketball,89
363,6,Female,4,89.98,67.58,80.78,70.37,67.7,Gymnastics,83
364,17,Male,11,99.69,75.43,72.32,72.4,82.32,Track,81
365,17,Male,11,90.95,88.98,86.5,73.63,75.37,Track,81
366,10,Male,5,95.81,71.0,100.13,66.37,88.74,Basketball,54
367,11,Female,4,99.98,75.64,82.25,69.08,59.4,Swimming,56
368,8,Male,4,88.72,66.18,62.33,44.48,65.51,Swimming,78
369,17,Female,12,90.21,87.83,82.96,73.93,90.19,Volleyball,91
370,14,Male,9,98.02,65.76,75.94,77.14,83.83,Basketball,88
371,10,Male,4,81.35,80.79,62.53,56.73,91.86,Swimming,83
372,13,Male,8,85.92,93.89,93.9,74.34,95.88,Football,68
373,6,Female,4,93.34,61.13,75.63,55.0,52.17,Volleyball,86
374,10,Male,4,94.46,78.35,69.89,61.51,70.48,Football,58
375,8,Female,5,98.21,68.1,79.53,62.88,67.48,Swimming,50
376,17,Female,12,92.9,84.24,114.94,82.05,96.32,Gymnastics,81
377,6,Female,4,82.58,74.41,71.71,66.31,63.06,Gymnastics,86
378,9,Male,5,80.29,75.04,65.11,46.82,76.96,Football,90
379,10,Male,4,87.21,65.09,62.62,70.8,91.14,Basketball,53
380,12,Male,9,95.45,64.85,77.29,79.36,66.45,Basketball,89
381,6,Male,5,87.75,71.96,80.01,63.4,70.79,Football,56
382,8,Female,4,84.4,64.06,78.5,57.89,82.29,Gymnastics,80
383,7,Female,5,88.9,78.11,74.44,76.23,79.58,Gymnastics,68
384,14,Female,9,86.58,80.55,67.93,74.28,87.6,Gymnastics,92
385,15,Male,11,99.6,84.33,107.63,84.43,100.63,Football,70
386,11,Female,5,87.73,81.56,77.04,65.08,73.16,Volleyball,72
387,15,Male,12,90.66,92.14,96.21,92.79,86.85,Track,91
388,8,Female,4,99.39,86.66,84.84,52.63,72.75,Swimming,66
389,13,Male,8,85.39,79.63,73.76,81.67,75.08,Football,83
390,13,Male,9,89.28,82.62,73.9,71.39,70.95,Running,70
391,7,Female,5,91.44,74.86,70.84,57.26,71.74,Volleyball,98
392,11,Female,4,98.65,95.28,71.28,55.37,60.21,Gymnastics,63
393,12,Female,9,93.6,83.49,83.67,92.03,81.95,Volleyball,86
394,7,Female,5,83.41,75.82,77.54,90.87,49.15,Gymnastics,78
395,16,Male,11,94.19,86.99,76.48,77.16,84.9,Basketball,99
396,15,Female,11,95.82,97.05,77.49,95.03,102.4,Volleyball,90
397,7,Female,4,95.78,83.18,92.52,55.73,61.7,Volleyball,50
398,15,Female,12,96.61,88.9,82.8,64.88,85.52,Gymnastics,74
399,6,Male,5,81.14,79.94,65.13,61.98,63.13,Football,88
400,13,Male,8,97.28,81.8,89.06,80.98,84.14,Football,96
401,6,Female,4,81.5,61.6,68.91,63.02,76.44,Gymnastics,68
402,14,Male,8,94.84,60.52,99.52,82.72,75.16,Running,92
403,16,Female,12,94.9,91.98,84.55,90.36,89.29,Track,96
404,11,Male,4,84.19,60.56,73.92,66.24,62.53,Football,74
405,12,Male,8,93.25,86.35,94.29,70.42,83.21,Football,81
406,15,Male,12,91.75,79.45,81.74,81.27,95.0,Track,86
407,12,Male,9,87.54,85.22,93.34,64.66,78.04,Basketball,64
408,15,Female,11,96.87,76.69,68.01,70.79,80.6,Track,70
409,8,Female,5,90.28,65.46,74.2,59.7,78.12,Gymnastics,95
410,7,Female,4,90.78,79.17,85.82,68.43,77.82,Swimming,66
411,14,Male,8,85.9,65.28,88.41,85.56,93.62,Football,73
412,13,Female,9,92.32,83.11,84.16,61.99,80.27,Gymnastics,60
413,17,Female,12,91.57,96.17,87.45,92.84,88.53,Gymnastics,75
414,15,Female,12,99.53,74.41,71.47,65.92,81.99,Track,73
415,12,Male,9,94.93,75.37,71.5,57.24,67.36,Football,71
416,14,Male,8,98.69,76.83,73.23,81.93,80.39,Running,75
417,9,Male,5,97.73,67.59,48.39,65.22,75.63,Basketball,51
418,9,Female,4,91.85,71.97,67.96,59.35,62.96,Volleyball,73
419,6,Female,4,96.5,72.26,63.0,59.92,66.58,Volleyball,79
420,13,Female,8,90.74,68.21,85.58,76.53,76.29,Volleyball,82
421,17,Male,11,97.76,82.37,87.16,74.98,89.88,Track,99
422,8,Male,5,83.65,64.3,75.96,57.07,74.25,Swimming,63
423,12,Female,8,94.13,88.25,99.51,63.79,86.75,Volleyball,94
424,17,Male,12,93.1,84.44,104.03,82.55,86.69,Track,86
425,7,Male,5,92.64,80.77,78.52,60.14,74.01,Swimming,54
426,7,Male,5,94.52,65.76,59.79,74.33,62.91,Basketball,87
427,12,Male,9,94.24,99.35,106.61,73.88,79.18,Running,95
428,11,Female,4,98.28,66.08,76.13,58.12,64.05,Gymnastics,51
429,8,Male,4,84.13,72.7,75.49,61.72,62.63,Basketball,97
430,14,Male,9,98.64,65.4,83.62,74.83,81.14,Running,89
431,15,Male,12,90.66,88.37,98.96,55.94,90.94,Football,93
432,11,Male,4,87.97,61.81,81.89,64.83,62.43,Basketball,74
433,15,Female,11,91.87,71.24,83.84,73.41,63.72,Volleyball,71
434,15,Female,11,99.09,91.46,87.07,80.65,94.92,Track,73
435,11,Male,4,98.43,71.03,64.29,73.75,74.51,Basketball,58
436,6,Male,4,96.24,75.91,83.03,68.98,76.77,Swimming,86
437,9,Male,4,96.5,74.83,75.34,77.38,74.23,Swimming,96
438,15,Male,11,98.79,94.38,89.52,87.31,89.36,Track,74
439,11,Male,4,86.47,63.39,73.11,62.06,79.06,Basketball,64
440,11,Male,5,95.3,67.21,66.94,66.42,59.66,Basketball,98
441,16,Female,11,90.23,108.53,102.54,72.66,67.66,Volleyball,78
442,17,Male,11,94.88,84.08,88.89,80.22,91.08,Track,91
443,10,Female,5,99.66,70.3,78.99,58.78,56.94,Volleyball,96
444,6,Female,4,89.88,72.99,84.36,70.96,76.89,Swimming,76
445,13,Male,9,86.3,67.01,72.89,71.24,89.82,Running,94
446,10,Female,4,94.74,62.34,69.28,63.24,65.28,Gymnastics,98
447,17,Female,12,94.49,94.14,98.75,65.45,95.55,Gymnastics,87
448,17,Female,12,99.72,79.22,92.84,95.44,91.66,Volleyball,97
449,17,Female,12,98.5,76.25,96.24,88.21,67.54,Gymnastics,96
450,10,Female,5,98.75,72.34,77.57,54.68,72.05,Volleyball,81
451,12,Female,8,85.76,86.6,89.61,60.34,78.67,Gymnastics,85
452,9,Male,5,90.92,81.59,67.81,51.58,66.52,Basketball,59
453,11,Female,5,93.43,67.01,68.73,69.53,88.58,Swimming,77
454,9,Female,4,86.68,72.27,70.88,59.35,77.96,Swimming,69
455,8,Female,4,85.09,74.37,92.94,60.95,105.43,Volleyball,66
456,12,Male,9,94.78,80.81,74.24,83.17,92.55,Football,85
457,13,Female,9,95.94,92.02,80.24,78.07,94.53,Running,69
458,9,Male,5,81.95,71.2,85.48,47.24,71.87,Swimming,61
459,7,Female,5,90.28,74.09,85.01,67.88,65.49,Gymnastics,67
460,17,Male,12,98.0,81.52,86.64,77.78,77.78,Basketball,77
461,15,Male,12,93.45,67.33,100.08,77.56,89.36,Basketball,70
462,8,Female,4,90.54,76.04,83.92,63.54,83.26,Gymnastics,86
463,6,Female,5,91.65,80.19,71.39,73.91,78.04,Swimming,79
464,13,Male,9,91.57,77.4,90.85,67.89,73.33,Running,82
465,8,Female,5,95.06,63.87,79.31,60.49,74.03,Swimming,77
466,17,Male,12,98.95,71.86,76.58,64.42,75.4,Basketball,96
467,15,Male,11,95.43,88.93,96.0,77.43,95.21,Track,82
468,12,Male,8,99.22,76.23,94.54,58.89,68.05,Football,95
469,15,Male,12,98.1,92.31,103.55,77.9,73.07,Basketball,84
470,10,Male,5,81.69,51.71,66.92,50.54,61.09,Swimming,84
471,15,Female,11,99.18,89.74,87.41,79.38,83.84,Volleyball,72
472,10,Male,4,84.71,78.48,68.9,69.37,70.98,Swimming,70
473,12,Male,8,91.11,86.77,78.18,70.65,73.6,Basketball,96
474,14,Female,8,98.41,91.08,83.61,86.8,90.03,Gymnastics,93
475,17,Male,11,93.79,92.57,89.58,94.94,81.35,Track,99
476,10,Female,4,99.97,77.79,98.69,77.44,75.99,Volleyball,77
477,6,Female,5,90.83,63.99,82.32,65.56,60.59,Swimming,85
478,15,Female,12,95.08,80.55,100.48,77.19,86.45,Volleyball,73
479,15,Male,11,94.96,92.09,97.01,70.55,83.03,Track,89
480,6,Male,4,81.64,74.16,53.89,70.34,58.68,Football,91
481,7,Male,5,92.94,66.87,69.34,93.55,67.01,Swimming,52
482,11,Female,4,85.21,77.07,60.58,35.99,59.6,Volleyball,75
483,14,Male,9,98.38,88.91,106.03,66.5,78.45,Basketball,96
484,13,Female,9,96.69,92.86,71.54,67.11,72.72,Running,98
485,10,Male,4,97.19,59.29,84.15,64.7,50.17,Football,63
486,6,Female,4,97.86,92.09,63.38,76.13,93.07,Swimming,80
487,12,Male,8,91.13,91.38,75.72,61.33,70.53,Basketball,84
488,10,Male,5,81.76,84.46,72.99,63.48,78.38,Football,56
489,11,Male,4,83.89,73.42,84.6,80.37,66.12,Football,85
490,12,Female,8,87.85,77.75,100.29,68.58,92.48,Volleyball,69
491,8,Female,4,95.18,56.06,73.83,39.48,59.63,Gymnastics,52
492,17,Male,12,93.95,89.9,92.77,91.54,91.9,Basketball,81
493,15,Male,11,99.53,80.77,82.42,85.46,85.13,Football,71
494,8,Female,5,90.26,66.98,55.71,62.94,38.41,Gymnastics,57
495,10,Female,4,86.87,63.64,73.48,54.5,80.22,Volleyball,78
496,11,Female,4,86.57,63.73,82.84,63.64,81.48,Gymnastics,57
497,14,Male,8,90.82,89.45,84.38,86.45,86.97,Basketball,74
498,17,Female,12,96.0,88.65,100.88,70.6,96.1,Gymnastics,90
499,10,Male,5,98.65,79.9,74.45,85.09,74.43,Swimming,90
500,6,Female,5,81.42,69.46,73.0,67.25,68.33,Gymnastics,75
501,9,Male,4,88.04,77.18,77.03,49.83,75.5,Football,71
502,10,Female,4,96.18,49.5,56.36,69.18,73.18,Swimming,59
503,17,Female,12,93.93,79.24,90.79,96.58,100.42,Track,90
504,15,Female,12,95.78,67.04,93.38,68.27,70.59,Volleyball,87
505,15,Female,12,95.15,99.37,92.73,89.37,88.97,Track,79
506,10,Female,4,86.0,62.94,79.73,68.15,96.3,Volleyball,69
507,12,Male,8,85.62,91.22,87.14,77.16,74.14,Football,77
508,9,Female,5,88.64,53.66,61.68,67.93,59.42,Volleyball,72
509,6,Female,4,80.66,72.07,61.42,63.0,73.24,Volleyball,78
510,10,Female,4,99.08,73.88,61.27,79.87,78.99,Gymnastics,95
511,12,Male,9,92.85,74.37,77.97,73.2,91.69,Football,83
512,15,Female,12,95.87,90.51,89.11,57.46,102.44,Volleyball,90
513,15,Male,12,93.99,89.65,103.11,68.57,100.28,Football,83
514,11,Female,5,84.35,70.44,71.9,56.83,88.66,Gymnastics,75
515,10,Female,5,92.42,83.36,71.93,57.62,66.31,Swimming,54
516,9,Male,4,92.59,74.86,75.4,65.08,73.43,Basketball,82
517,7,Female,4,89.67,58.77,83.93,48.44,51.06,Swimming,92
518,9,Male,5,82.65,62.5,94.1,74.52,79.85,Football,89
519,15,Male,12,96.87,83.82,98.1,81.73,92.9,Football,82
520,15,Female,12,94.62,88.49,82.04,91.49,81.22,Track,90
521,8,Male,5,99.91,67.4,55.22,71.09,85.04,Swimming,96
522,15,Female,11,92.56,76.44,104.87,87.36,93.97,Gymnastics,75
523,6,Female,4,95.07,82.67,55.32,69.84,53.44,Volleyball,57
524,13,Male,8,96.98,73.46,94.86,87.73,78.59,Running,65
525,10,Male,4,85.11,59.42,69.8,43.23,58.79,Swimming,81
526,9,Male,4,90.55,64.74,77.45,71.34,79.34,Basketball,52
527,13,Male,9,89.25,54.97,88.09,76.75,75.39,Football,84
528,12,Female,8,93.74,80.84,111.65,56.63,92.15,Volleyball,95
529,7,Female,5,89.87,77.17,61.45,77.98,67.3,Volleyball,71
530,6,Male,4,80.67,83.06,85.8,61.32,74.12,Football,50
531,17,Female,12,95.23,75.45,93.46,68.19,91.36,Track,81
532,16,Female,11,91.15,93.47,87.2,88.13,83.26,Track,80
533,9,Female,5,80.05,68.29,77.21,59.72,71.82,Swimming,93
534,13,Female,8,95.67,77.11,78.54,76.77,91.1,Gymnastics,68
535,17,Male,12,93.5,74.61,92.65,84.92,80.8,Football,84
536,7,Male,5,89.03,81.88,60.38,72.08,65.96,Swimming,99
537,8,Female,5,96.66,67.95,81.01,50.3,58.83,Volleyball,99
538,17,Male,11,96.48,75.12,99.2,99.42,102.3,Track,70
539,6,Male,5,89.36,68.79,72.5,67.13,78.45,Swimming,76
540,6,Male,4,88.21,60.56,88.62,76.16,73.84,Football,83
541,8,Female,5,83.93,62.9,73.96,44.42,66.11,Swimming,94
542,16,Female,12,98.65,87.05,81.72,77.8,78.74,Volleyball,86
543,10,Female,4,84.11,65.43,71.19,63.09,87.71,Volleyball,56
544,17,Male,12,96.38,101.02,74.1,87.95,82.15,Basketball,80
545,8,Female,4,84.46,78.89,77.68,77.19,80.87,Gymnastics,92
546,6,Female,5,90.91,64.5,72.24,82.04,70.14,Swimming,89
547,6,Male,5,80.92,59.88,66.25,52.6,69.62,Basketball,94
548,13,Female,8,93.73,62.31,67.93,73.48,67.02,Gymnastics,67
549,15,Female,12,94.79,84.13,95.14,74.55,91.74,Track,83
550,16,Male,11,90.64,85.81,97.78,81.41,77.66,Basketball,92
551,17,Male,11,90.32,83.16,106.55,76.77,74.22,Track,94
552,17,Male,11,92.59,108.4,85.07,83.18,102.68,Football,90
553,7,Female,5,86.71,76.08,75.8,77.49,58.23,Swimming,80
554,8,Female,5,91.49,63.97,74.79,69.3,81.83,Volleyball,79
555,7,Female,4,90.3,55.51,75.87,55.47,66.5,Volleyball,96
556,8,Male,4,91.42,82.04,67.23,67.1,70.16,Football,92
557,12,Male,8,96.19,83.91,86.0,82.92,76.12,Basketball,81
558,6,Female,5,88.47,66.84,71.12,46.21,68.05,Volleyball,62
559,15,Female,11,91.63,72.3,88.6,80.75,86.51,Gymnastics,72
560,13,Male,9,96.8,92.91,67.93,78.65,82.91,Basketball,62
561,15,Male,12,96.66,99.76,99.63,73.44,98.72,Basketball,74
562,15,Male,12,92.14,99.71,109.12,78.42,75.0,Track,83
563,15,Male,12,96.57,97.77,111.83,79.3,91.56,Football,92
564,7,Female,4,84.74,92.29,70.96,74.37,80.84,Swimming,76
565,8,Male,4,94.66,84.65,81.7,67.14,71.87,Swimming,66
566,14,Female,8,99.39,84.19,84.62,80.09,62.78,Volleyball,61
567,12,Female,8,90.78,81.29,91.4,62.55,85.96,Volleyball,65
568,9,Female,5,84.59,68.37,89.76,68.06,68.01,Volleyball,78
569,15,Male,11,92.82,95.98,85.66,78.6,79.44,Track,99
570,10,Male,4,86.15,78.71,71.3,70.09,92.26,Football,68
571,7,Male,5,84.84,75.39,81.48,62.31,72.35,Basketball,73
572,16,Male,11,91.21,93.71,76.02,77.44,88.11,Football,88
573,13,Female,8,93.7,65.87,83.07,85.99,67.54,Volleyball,75
574,9,Male,5,94.22,82.25,75.99,59.56,63.43,Basketball,98
575,14,Male,8,96.46,70.35,99.92,69.77,61.15,Football,78
576,10,Female,4,82.81,71.03,43.63,44.43,87.42,Volleyball,90
577,14,Male,8,94.59,81.65,74.17,69.05,86.83,Basketball,94
578,9,Female,5,86.83,81.65,95.71,72.82,69.93,Gymnastics,84
579,15,Female,12,96.59,99.65,91.34,78.5,85.79,Gymnastics,90
580,10,Female,4,80.14,68.73,87.18,69.79,56.11,Volleyball,97
581,14,Female,8,85.7,69.49,81.55,79.13,81.82,Gymnastics,72
582,13,Female,9,85.21,95.86,81.53,74.06,91.27,Volleyball,66
583,8,Female,5,84.53,54.49,76.89,56.79,91.25,Volleyball,94
584,6,Female,5,82.64,84.12,74.3,63.45,70.91,Gymnastics,75
585,8,Female,5,97.74,64.61,69.73,73.77,64.55,Gymnastics,86
586,9,Male,5,93.73,72.02,81.61,56.38,87.43,Football,89
587,7,Male,5,96.3,66.72,88.64,81.76,77.79,Basketball,64
588,6,Male,4,97.55,66.44,60.57,72.9,60.57,Swimming,56
589,12,Male,8,99.44,76.48,88.33,70.31,92.16,Running,63
590,13,Female,8,95.05,82.53,91.4,99.03,82.87,Gymnastics,95
591,12,Male,9,87.66,85.97,62.22,83.5,73.16,Basketball,70
592,10,Female,5,84.35,57.24,60.08,59.45,69.94,Volleyball,68
593,17,Male,11,94.18,66.96,81.46,85.2,91.68,Basketball,94
594,6,Male,5,96.16,92.57,71.15,79.95,81.64,Football,88
595,12,Male,9,93.97,74.27,95.33,87.1,90.43,Football,73
596,12,Female,8,93.66,69.29,97.68,65.53,72.16,Running,60
597,14,Male,8,85.97,75.26,81.5,85.58,77.91,Running,61
598,8,Female,5,99.06,82.06,70.0,67.65,84.5,Gymnastics,58
599,14,Female,8,99.74,68.62,85.42,70.93,84.97,Gymnastics,82
600,6,Male,4,87.97,68.02,75.44,47.94,57.04,Basketball,67
601,6,Male,4,97.26,62.44,91.63,67.31,87.36,Swimming,60
602,9,Male,4,85.34,61.64,64.93,68.33,70.69,Basketball,57
603,14,Female,8,94.72,66.34,100.36,69.28,77.32,Volleyball,89
604,11,Male,5,97.18,87.66,79.61,61.94,51.04,Swimming,60
605,16,Female,12,98.23,75.24,87.67,86.19,109.89,Track,95
606,8,Female,4,86.99,82.03,66.67,61.09,63.58,Volleyball,56
607,6,Male,4,82.44,68.56,81.19,66.59,56.75,Football,74
608,9,Male,4,80.37,69.94,79.2,73.02,60.08,Swimming,68
609,17,Female,12,95.33,77.06,76.73,73.46,87.22,Volleyball,74
610,14,Female,8,96.24,81.82,88.43,58.89,97.31,Running,72
611,8,Female,5,89.15,77.31,67.6,72.91,62.37,Swimming,72
612,17,Male,11,92.79,77.03,96.61,83.2,75.99,Basketball,88
613,14,Female,9,91.56,77.6,76.24,88.37,80.69,Volleyball,83
614,12,Male,8,87.07,76.38,77.93,91.43,91.71,Basketball,91
615,17,Female,11,99.06,77.15,100.68,92.41,99.67,Gymnastics,80
616,9,Female,4,97.37,69.76,61.67,56.8,76.2,Gymnastics,98
617,8,Male,5,81.23,74.84,63.56,63.76,65.88,Swimming,60
618,15,Female,11,90.52,90.54,93.12,76.01,103.7,Track,90
619,10,Male,4,87.27,84.6,89.92,64.55,61.22,Basketball,89
620,10,Male,5,88.77,63.71,68.97,73.57,70.29,Swimming,95
621,8,Female,4,83.55,67.1,71.28,85.09,78.84,Gymnastics,60
622,17,Male,11,91.85,80.78,87.32,76.48,99.84,Track,89
623,14,Male,8,93.46,73.64,97.78,87.24,96.67,Running,75
624,9,Female,4,81.54,47.39,80.99,60.22,60.09,Gymnastics,98
625,16,Male,12,99.65,81.29,92.12,89.92,77.05,Basketball,85
626,10,Male,4,86.79,52.46,85.63,74.7,79.39,Swimming,70
627,9,Male,4,94.18,66.54,78.09,53.01,67.94,Swimming,63
628,10,Female,4,81.68,79.74,83.12,76.68,91.04,Volleyball,88
629,12,Male,8,88.9,66.16,75.89,84.48,81.45,Basketball,99
630,14,Female,9,87.2,84.35,90.58,63.81,82.51,Gymnastics,91
631,12,Female,9,97.84,64.6,76.37,72.31,74.72,Running,85
632,10,Male,5,98.32,85.47,71.15,64.04,67.92,Basketball,55
633,15,Male,12,91.58,83.59,68.0,101.21,100.56,Football,78
634,15,Male,12,97.64,85.2,80.75,83.93,78.03,Track,90
635,12,Female,9,97.01,97.07,71.4,77.06,75.45,Running,86
636,15,Male,12,93.39,97.49,98.97,96.03,91.17,Track,94
637,10,Male,4,95.22,72.02,93.01,60.87,58.51,Swimming,50
638,8,Male,5,80.85,59.52,79.16,55.43,70.45,Basketball,88
639,12,Male,9,96.83,70.55,77.42,76.61,84.08,Football,71
640,16,Male,12,92.82,76.74,101.75,88.4,106.43,Football,90
641,16,Female,12,92.56,85.88,87.55,78.93,79.8,Gymnastics,83
642,7,Female,5,88.38,62.74,81.33,71.34,63.23,Volleyball,92
643,17,Male,12,91.55,91.4,88.3,76.56,84.17,Basketball,75
644,14,Male,8,87.69,73.23,76.2,61.44,90.07,Football,71
645,15,Male,11,96.05,84.21,88.57,85.04,90.56,Track,97
646,15,Male,12,90.87,88.33,100.23,67.22,95.52,Football,84
647,17,Female,11,90.83,81.39,75.79,82.86,85.2,Volleyball,77
648,6,Male,4,82.31,86.44,68.12,60.01,85.58,Swimming,55
649,11,Female,4,82.87,56.88,75.59,76.38,73.33,Volleyball,72
650,12,Female,9,93.8,76.23,82.28,78.98,103.84,Gymnastics,90
651,13,Male,9,93.03,82.02,81.87,87.29,71.73,Football,67
652,15,Female,12,95.02,97.68,105.64,89.38,91.7,Gymnastics,93
653,14,Female,8,86.06,64.83,83.23,55.68,75.68,Volleyball,69
654,7,Female,5,86.12,69.08,82.76,67.29,54.23,Swimming,60
655,16,Female,12,97.22,83.11,108.3,81.23,86.92,Gymnastics,84
656,15,Male,12,93.01,80.23,91.8,85.26,84.79,Track,83
657,7,Male,5,99.05,73.84,79.19,51.98,63.82,Basketball,72
658,10,Female,5,99.67,89.11,70.38,59.11,57.07,Swimming,81
659,10,Male,5,88.91,74.9,62.97,79.92,67.79,Swimming,71
660,11,Male,5,91.84,66.63,58.16,69.08,60.04,Football,59
661,8,Male,5,94.02,62.46,75.63,80.38,58.8,Basketball,67
662,13,Male,8,86.87,73.9,100.27,79.71,86.11,Running,66
663,6,Male,4,88.94,70.69,78.29,59.55,55.39,Swimming,61
664,11,Female,5,86.0,74.85,81.05,56.8,63.02,Swimming,52
665,9,Male,4,93.09,71.08,70.86,67.68,69.15,Football,88
666,6,Male,5,88.22,69.15,75.82,87.14,77.2,Basketball,99
667,12,Male,9,89.85,69.32,84.43,71.57,79.27,Running,90
668,14,Male,8,99.03,80.25,90.41,81.99,78.56,Running,72
669,9,Female,4,87.81,63.42,78.14,72.73,55.55,Swimming,63
670,9,Female,4,97.82,81.46,81.87,85.0,74.07,Swimming,85
671,11,Female,4,96.27,78.71,90.88,49.62,92.52,Swimming,95
672,17,Female,11,93.59,56.67,77.49,78.29,84.23,Track,70
673,8,Male,4,99.02,69.03,70.33,62.95,71.15,Football,95
674,17,Female,12,99.96,91.07,83.97,89.79,91.96,Track,90
675,11,Male,4,85.22,61.94,70.31,64.01,63.74,Football,69
676,12,Male,9,95.79,77.41,88.2,81.7,94.31,Basketball,88
677,16,Male,11,90.08,103.55,85.83,78.9,85.36,Basketball,84
678,15,Male,11,90.83,83.43,103.34,89.59,77.77,Football,87
679,15,Male,11,91.26,90.24,82.88,87.84,103.03,Track,80
680,8,Female,5,88.99,58.98,80.12,70.61,79.36,Swimming,94
681,12,Female,8,98.0,83.93,91.17,81.24,68.11,Running,63
682,8,Female,4,83.46,51.74,53.54,79.34,80.8,Gymnastics,63
683,7,Female,5,92.44,61.92,68.31,63.43,66.97,Swimming,73
684,17,Male,11,90.61,89.77,94.62,86.67,90.49,Basketball,71
685,15,Female,12,99.04,82.81,77.37,69.1,91.39,Volleyball,89
686,9,Male,5,89.55,69.45,72.35,91.39,74.0,Swimming,83
687,17,Female,12,97.36,78.23,80.32,79.18,77.92,Track,88
688,13,Male,8,94.04,82.96,73.44,63.42,70.32,Basketball,93
689,14,Male,8,86.61,96.72,72.53,56.82,72.59,Basketball,95
690,12,Female,9,93.56,82.27,59.4,90.82,96.34,Gymnastics,77
691,6,Male,5,89.01,58.4,83.81,73.41,59.09,Basketball,75
692,8,Male,4,90.62,91.87,57.32,77.11,57.75,Football,61
693,17,Female,12,91.54,74.8,87.15,70.91,100.73,Gymnastics,90
694,14,Male,8,90.55,85.52,80.95,71.42,73.37,Running,84
695,17,Female,11,93.66,99.66,96.71,86.89,76.07,Volleyball,73
696,6,Female,5,83.99,76.67,89.21,74.21,62.3,Volleyball,86
697,14,Female,9,93.62,86.9,99.23,76.2,78.97,Gymnastics,95
698,13,Male,8,88.51,71.75,90.07,59.37,73.96,Basketball,95
699,6,Male,5,93.43,58.13,82.99,45.36,58.7,Basketball,77
700,11,Male,4,98.53,76.44,86.72,52.61,78.69,Football,75
701,10,Female,5,85.38,86.69,82.6,60.63,81.37,Gymnastics,73
702,11,Male,5,96.5,65.0,66.34,72.52,62.77,Basketball,83
703,15,Female,11,92.88,82.71,69.44,80.73,89.08,Track,81
704,17,Female,12,97.68,105.91,100.58,68.99,82.25,Gymnastics,79
705,10,Male,5,84.84,73.06,56.23,55.21,76.62,Basketball,73
706,11,Female,5,88.8,64.42,73.35,60.94,74.4,Gymnastics,69
707,10,Male,4,99.35,69.37,73.09,60.96,74.08,Football,53
708,16,Male,12,99.17,86.37,83.29,85.77,98.15,Football,76
709,17,Male,11,95.6,86.17,68.75,87.4,94.19,Basketball,75
710,10,Male,4,98.66,73.23,48.52,54.28,83.89,Swimming,52
711,9,Male,4,91.73,68.0,78.03,49.3,65.7,Basketball,89
712,8,Female,4,90.82,69.23,76.06,50.28,60.99,Gymnastics,72
713,8,Female,4,81.06,84.7,83.07,73.27,63.13,Gymnastics,88
714,9,Female,5,94.02,69.15,75.03,64.71,77.22,Gymnastics,57
715,14,Male,9,85.15,63.69,74.82,73.17,77.91,Football,61
716,7,Male,4,89.43,44.6,72.35,75.73,69.31,Football,61
717,14,Male,8,93.03,81.64,64.6,66.44,70.56,Running,65
718,6,Female,5,90.15,65.67,65.87,64.13,69.84,Volleyball,94
719,6,Male,4,90.35,77.44,56.21,66.45,72.03,Swimming,99
720,10,Female,4,82.61,67.7,76.19,73.42,73.02,Volleyball,63
721,11,Female,4,85.82,58.15,79.99,64.32,68.61,Volleyball,65
722,11,Male,4,88.25,79.03,66.63,70.74,72.94,Basketball,86
723,8,Male,4,81.45,55.32,76.2,65.46,58.7,Football,81
724,12,Female,9,93.57,79.59,101.61,96.82,74.81,Volleyball,62
725,14,Male,8,92.66,86.94,83.12,80.76,87.87,Running,66
726,16,Female,11,99.91,71.82,84.79,65.97,85.91,Gymnastics,79
727,17,Male,12,98.49,89.86,93.16,77.06,77.37,Basketball,72
728,15,Male,12,92.98,84.19,90.78,73.87,70.23,Football,97
729,13,Female,8,92.25,71.34,79.79,63.21,91.54,Running,61
730,11,Male,5,90.91,69.23,68.96,70.89,69.28,Football,57
731,17,Female,12,95.73,89.61,90.88,86.51,79.95,Gymnastics,95
732,13,Male,8,97.02,76.82,103.59,68.02,73.71,Basketball,74
733,17,Female,11,98.62,84.04,91.75,90.81,71.37,Volleyball,75
734,10,Female,4,98.7,69.67,69.38,48.57,53.16,Volleyball,86
735,13,Male,8,95.21,86.45,87.48,99.13,86.69,Basketball,66
736,15,Female,12,94.74,80.82,83.86,67.41,90.43,Gymnastics,82
737,17,Male,12,90.21,87.01,86.29,86.7,93.95,Basketball,73
738,9,Male,4,86.86,68.96,64.03,70.08,75.4,Football,59
739,15,Male,12,95.31,81.7,81.7,90.67,72.04,Track,80
740,13,Female,9,89.64,69.69,106.08,63.16,97.34,Gymnastics,79
741,15,Female,12,99.1,71.07,95.63,56.89,90.89,Track,92
742,17,Male,11,91.12,78.5,86.9,91.09,80.72,Track,77
743,7,Male,5,84.8,76.59,75.88,77.54,81.15,Basketball,54
744,17,Female,12,93.7,80.97,112.93,62.54,85.32,Track,88
745,17,Male,11,91.96,71.48,111.99,81.19,72.42,Track,75
746,10,Male,4,81.62,74.34,84.96,48.55,54.08,Swimming,58
747,14,Female,9,91.48,85.36,102.23,73.9,63.94,Running,78
748,9,Male,4,94.58,70.95,77.58,60.73,51.18,Basketball,80
749,16,Female,11,91.5,79.4,85.73,76.99,78.71,Gymnastics,79
750,11,Male,5,91.99,78.17,78.75,62.04,85.7,Basketball,95
751,6,Female,4,97.1,87.66,71.41,41.81,69.61,Gymnastics,71
752,14,Male,9,92.97,78.54,80.11,58.23,64.97,Football,66
753,6,Male,4,82.3,43.91,62.43,76.31,85.52,Football,92
754,10,Female,4,94.3,74.7,78.13,70.59,82.64,Swimming,71
755,9,Male,5,90.04,73.98,70.35,55.87,86.86,Basketball,90
756,17,Female,12,90.2,84.84,86.72,83.37,81.15,Volleyball,93
757,8,Male,5,91.58,60.44,71.49,80.46,86.14,Basketball,85
758,11,Female,5,99.29,77.45,68.71,70.58,75.71,Swimming,80
759,7,Female,4,85.79,74.59,72.32,45.48,89.82,Swimming,62
760,8,Female,4,89.59,88.8,66.41,67.02,79.49,Volleyball,51
761,10,Female,4,99.46,73.69,64.54,81.88,82.9,Swimming,95
762,14,Male,9,89.23,97.56,81.91,64.06,81.49,Basketball,77
763,7,Male,5,81.74,59.73,77.89,70.59,79.16,Football,68
764,15,Female,12,93.11,89.08,91.67,83.44,88.06,Gymnastics,74
765,13,Female,8,95.92,76.79,86.87,79.94,88.25,Running,68
766,7,Female,5,80.49,90.2,69.76,68.76,74.74,Gymnastics,98
767,16,Male,12,91.07,82.1,85.46,73.52,85.61,Track,87
768,10,Male,4,96.59,62.92,86.82,81.94,72.56,Swimming,52
769,12,Male,9,91.69,108.26,84.3,80.14,90.08,Running,87
770,13,Male,8,85.74,93.6,84.63,55.73,92.77,Running,94
771,6,Female,5,96.01,67.23,87.48,59.31,82.13,Volleyball,58
772,11,Female,4,96.91,69.57,75.42,74.44,74.38,Gymnastics,70
773,6,Female,4,92.71,59.48,69.81,81.97,70.0,Volleyball,90
774,7,Male,5,86.24,71.73,86.69,47.18,67.51,Basketball,74
775,6,Male,5,94.5,69.99,86.59,74.29,66.68,Football,71
776,16,Male,12,91.15,66.97,104.41,74.45,75.49,Track,94
777,10,Female,4,87.32,59.24,68.66,56.63,73.94,Volleyball,54
778,15,Female,12,90.79,84.66,86.74,103.3,75.15,Volleyball,84
779,14,Male,8,89.36,79.52,91.16,76.63,78.59,Running,96
780,11,Female,5,85.99,59.07,81.66,67.27,67.63,Volleyball,50
781,16,Male,12,98.25,88.98,85.38,80.95,107.09,Football,84
782,16,Male,12,99.87,73.33,100.89,65.99,82.38,Football,79
783,6,Female,4,97.16,72.56,63.49,63.25,81.41,Swimming,71
784,6,Male,4,94.9,50.74,67.56,69.29,67.65,Swimming,91
785,7,Female,4,99.61,58.53,82.32,66.05,69.58,Volleyball,90
786,14,Male,8,98.63,64.83,69.79,65.02,95.66,Running,63
787,8,Female,5,94.84,68.4,67.86,66.69,88.45,Gymnastics,77
788,6,Female,5,80.63,84.54,70.22,56.66,82.04,Volleyball,54
789,10,Female,4,82.43,83.97,91.39,58.64,61.88,Swimming,70
790,12,Male,9,94.62,72.16,110.38,61.1,80.73,Football,98
791,11,Male,4,92.38,75.26,79.94,66.06,63.17,Basketball,54
792,17,Female,12,98.02,93.44,98.22,79.26,86.38,Track,90
793,6,Female,4,82.68,72.26,87.1,80.13,65.57,Gymnastics,61
794,10,Male,5,84.38,81.56,82.45,56.3,62.16,Swimming,69
795,10,Male,5,82.26,58.67,92.01,51.58,47.13,Football,78
796,11,Male,4,91.93,62.48,70.85,67.85,44.42,Football,86
797,8,Female,4,90.4,89.62,87.94,62.46,72.11,Volleyball,89
798,10,Male,5,80.54,70.7,73.73,57.64,74.53,Swimming,67
799,12,Male,8,91.33,98.83,73.44,63.23,83.82,Basketball,78
800,10,Female,5,93.45,58.41,80.24,65.19,55.32,Volleyball,82
801,10,Male,4,90.63,65.47,73.31,69.48,61.5,Swimming,71
802,10,Male,5,87.92,80.22,90.18,45.18,71.61,Swimming,92
803,15,Male,12,94.26,85.99,90.44,66.57,83.31,Football,80
804,15,Female,11,93.37,83.62,97.37,73.2,90.74,Volleyball,79
805,8,Female,5,84.34,74.17,72.47,76.45,56.57,Swimming,64
806,6,Female,4,90.84,78.43,73.16,64.98,79.81,Swimming,57
807,10,Female,5,99.36,47.63,90.55,52.84,77.18,Volleyball,96
808,14,Female,8,85.54,92.82,75.47,69.31,78.45,Gymnastics,67
809,6,Female,5,98.82,63.45,88.55,54.32,55.22,Swimming,82
810,8,Female,5,83.66,68.98,89.25,52.81,79.38,Swimming,60
811,9,Male,4,90.22,81.54,64.58,59.91,58.49,Basketball,69
812,6,Male,4,88.58,74.37,74.05,66.24,69.17,Basketball,54
813,6,Female,5,99.3,54.68,64.2,64.58,69.45,Swimming,85
814,13,Male,8,95.08,83.39,89.95,65.43,96.12,Football,71
815,7,Male,4,87.16,64.63,75.73,65.74,67.25,Football,91
816,17,Female,12,96.65,99.65,72.33,80.2,100.19,Volleyball,88
817,13,Male,8,90.29,72.14,93.52,72.24,64.79,Football,83
818,12,Male,8,89.89,82.58,81.91,89.24,89.53,Football,65
819,15,Male,12,93.74,70.32,80.21,80.12,91.78,Track,85
820,15,Male,11,97.02,68.45,93.32,92.67,87.43,Track,85
821,7,Male,4,98.77,69.0,63.7,77.09,68.27,Football,73
822,11,Female,4,80.99,78.17,83.78,77.98,70.66,Swimming,81
823,11,Female,5,91.99,89.06,74.98,78.83,55.51,Gymnastics,51
824,8,Female,5,86.83,71.55,64.89,79.03,78.28,Swimming,74
825,16,Male,11,96.42,76.75,105.99,82.53,101.76,Basketball,84
826,7,Female,5,98.06,62.2,63.41,51.21,48.14,Volleyball,82
827,17,Male,12,95.59,99.35,82.14,56.91,87.48,Basketball,95
828,6,Male,5,90.31,69.37,73.54,62.43,67.71,Basketball,71
829,11,Male,4,89.95,60.7,70.38,50.09,60.13,Swimming,53
830,17,Male,11,99.52,101.52,79.47,77.42,79.87,Football,97
831,10,Female,5,95.31,88.18,83.16,58.16,71.06,Volleyball,77
832,16,Female,11,94.35,85.12,103.11,83.49,89.9,Track,83
833,14,Male,9,97.31,66.36,99.06,67.3,79.01,Football,82
834,6,Female,5,96.38,59.07,61.74,67.96,68.82,Volleyball,65
835,12,Male,9,94.92,91.16,94.38,77.04,82.69,Running,74
836,10,Female,4,97.2,80.07,75.05,64.32,52.96,Swimming,91
837,10,Female,5,84.26,53.55,75.15,68.01,66.42,Volleyball,67
838,7,Male,4,84.14,65.08,75.91,56.79,63.98,Football,58
839,16,Female,12,99.33,102.92,96.89,55.87,75.52,Track,80
840,8,Male,4,81.69,50.95,74.14,59.23,58.9,Basketball,53
841,12,Female,8,97.32,84.4,111.37,75.2,85.52,Gymnastics,66
842,11,Male,4,93.61,70.6,65.54,53.92,79.31,Swimming,86
843,17,Male,12,91.18,95.22,110.34,90.53,79.37,Football,81
844,7,Female,4,80.63,56.14,61.73,53.0,75.84,Gymnastics,97
845,11,Female,4,82.39,78.29,83.22,55.83,81.62,Gymnastics,58
846,7,Male,4,95.78,59.2,84.24,82.46,62.6,Swimming,55
847,7,Female,4,98.69,65.36,82.47,56.31,67.56,Swimming,67
848,7,Female,4,84.13,49.29,77.96,73.38,73.3,Volleyball,94
849,16,Male,11,90.9,92.43,95.19,90.81,90.32,Football,74
850,8,Male,4,90.36,52.89,70.8,48.61,67.06,Football,88
851,7,Female,4,90.42,62.64,70.84,66.28,77.35,Volleyball,68
852,9,Male,5,96.73,78.95,57.58,76.96,66.62,Basketball,54
853,14,Male,9,98.41,89.68,85.3,71.77,68.99,Football,62
854,11,Male,4,98.57,65.59,68.06,72.87,74.59,Basketball,66
855,6,Female,5,85.94,50.0,73.57,80.52,66.95,Swimming,75
856,13,Female,9,90.05,91.43,77.22,77.65,75.06,Running,81
857,17,Male,12,95.34,77.66,85.94,79.49,81.84,Track,70
858,12,Female,9,91.82,82.92,66.1,63.81,86.45,Volleyball,64
859,15,Male,12,98.73,93.01,74.8,88.32,86.98,Track,79
860,8,Female,5,81.58,71.25,65.52,59.78,77.4,Gymnastics,89
861,6,Male,4,90.64,56.69,61.18,55.2,77.27,Football,91
862,10,Male,5,96.43,74.28,67.41,43.06,68.53,Basketball,95
863,9,Female,5,80.32,55.4,73.1,61.24,57.83,Volleyball,71
864,15,Male,11,90.41,100.38,111.7,64.32,92.79,Basketball,97
865,13,Female,8,94.16,77.31,87.72,67.34,81.07,Volleyball,81
866,6,Female,4,98.06,66.24,68.49,44.07,76.62,Gymnastics,94
867,15,Male,11,95.6,88.36,80.4,72.24,81.0,Football,91
868,6,Male,4,83.49,77.73,87.19,51.39,54.61,Swimming,79
869,17,Female,12,99.59,99.14,79.31,63.08,68.01,Volleyball,75
870,9,Male,5,94.24,77.69,83.35,52.85,71.25,Basketball,64
871,13,Male,8,99.95,80.63,73.57,74.06,70.1,Football,96
872,10,Male,4,91.65,80.7,68.82,61.45,87.86,Basketball,56
873,7,Male,5,82.48,74.49,69.92,74.57,82.59,Swimming,82
874,11,Male,4,82.43,61.84,63.79,56.64,77.55,Basketball,54
875,10,Female,5,80.89,80.09,84.82,65.85,77.89,Gymnastics,98
876,7,Female,5,85.78,61.87,55.07,62.86,74.77,Volleyball,54
877,16,Male,11,94.25,79.31,91.97,90.27,78.81,Football,90
878,16,Male,11,94.17,90.49,94.45,86.66,97.26,Basketball,87
879,16,Male,12,96.64,97.6,75.79,70.12,72.73,Basketball,91
880,8,Female,4,97.06,76.63,71.26,78.26,53.39,Volleyball,75
881,14,Male,9,96.78,79.23,79.27,95.77,80.96,Basketball,89
882,12,Female,9,92.07,80.06,88.07,69.33,96.72,Volleyball,66
883,12,Female,8,95.66,69.03,91.51,72.44,75.03,Volleyball,81
884,16,Female,12,98.93,70.47,81.43,87.08,90.23,Gymnastics,97
885,11,Male,5,96.26,61.54,74.11,74.62,56.67,Swimming,65
886,13,Female,8,95.59,70.82,82.26,68.47,80.23,Volleyball,98
887,9,Male,5,95.49,64.93,81.52,50.71,59.72,Swimming,94
888,13,Female,8,94.79,82.07,81.29,63.0,79.25,Running,75
889,9,Male,5,90.13,52.44,71.8,67.06,55.74,Football,58
890,13,Female,9,90.38,79.52,94.8,85.65,76.95,Gymnastics,91
891,14,Male,9,91.83,80.59,95.7,96.29,77.67,Football,70
892,8,Female,5,86.77,59.42,65.15,69.12,56.21,Swimming,62
893,8,Male,5,82.74,60.17,62.47,52.69,72.56,Basketball,98
894,16,Male,11,95.81,88.28,96.25,87.36,76.37,Football,89
895,7,Male,5,97.87,84.07,74.37,77.24,61.08,Swimming,69
896,15,Male,11,98.12,90.52,83.73,79.75,75.33,Basketball,92
897,8,Female,5,94.52,71.97,86.42,67.51,62.57,Gymnastics,67
898,8,Female,4,98.36,63.73,54.26,65.07,80.1,Swimming,74
899,10,Male,5,96.73,75.03,90.92,77.65,63.05,Swimming,85
900,10,Female,5,92.09,89.49,80.67,53.81,86.39,Gymnastics,87
901,7,Male,5,86.32,61.58,63.86,76.26,89.01,Football,50
902,17,Male,11,99.3,94.52,87.89,75.45,88.43,Basketball,90
903,15,Female,12,99.0,85.68,77.9,76.62,98.45,Track,84
904,11,Male,4,80.99,76.41,76.96,56.07,77.42,Football,92
905,10,Male,4,92.47,79.2,63.27,57.25,75.97,Swimming,68
906,11,Female,5,95.57,62.52,84.12,75.62,70.75,Swimming,95
907,6,Male,4,86.49,74.28,68.72,68.34,64.15,Basketball,54
908,10,Male,5,93.46,64.35,80.29,55.82,74.59,Swimming,89
909,14,Male,9,97.08,97.24,85.83,83.48,81.8,Running,78
910,17,Male,11,97.18,77.66,80.03,74.23,73.76,Basketball,72
911,15,Female,11,96.33,91.05,99.71,91.9,78.83,Volleyball,74
912,7,Female,5,85.81,81.27,68.11,64.49,75.42,Gymnastics,92
913,6,Female,4,81.64,94.71,71.53,60.3,65.46,Volleyball,62
914,15,Male,12,97.05,94.74,97.53,86.21,82.92,Track,83
915,16,Male,12,97.46,74.12,96.17,64.04,76.03,Basketball,71
916,14,Female,8,96.67,74.66,72.03,60.07,76.03,Running,90
917,15,Male,11,97.48,82.14,96.13,94.16,79.88,Basketball,90
918,14,Male,9,89.47,81.82,99.22,79.82,60.26,Basketball,93
919,14,Male,8,85.49,74.83,81.49,72.3,66.93,Running,80
920,11,Male,4,96.56,81.89,84.92,71.37,62.28,Football,93
921,13,Female,9,91.24,86.3,93.93,66.97,74.09,Volleyball,66
922,16,Female,12,90.63,80.17,91.87,87.52,91.73,Volleyball,72
923,6,Female,5,93.28,78.9,71.56,71.76,47.26,Swimming,68
924,15,Male,12,93.79,74.61,62.09,74.77,90.74,Basketball,79
925,9,Female,5,89.79,70.15,62.92,80.09,60.19,Swimming,59
926,6,Female,4,85.72,73.26,91.31,66.2,68.65,Gymnastics,50
927,13,Male,9,91.78,83.78,95.86,80.73,74.14,Football,97
928,6,Male,5,94.38,76.69,59.52,71.76,77.23,Swimming,82
929,8,Female,5,98.34,73.81,66.9,59.06,59.15,Swimming,69
930,9,Female,4,91.67,76.45,51.74,72.31,95.29,Swimming,69
931,13,Female,9,91.14,63.38,69.71,82.39,77.44,Volleyball,86
932,11,Female,4,96.37,89.59,62.07,66.18,56.57,Swimming,54
933,15,Male,11,95.2,72.54,89.12,72.98,84.49,Track,88
934,17,Female,12,95.32,88.76,80.43,84.74,84.26,Gymnastics,72
935,12,Female,9,97.11,73.21,76.86,77.13,72.44,Volleyball,62
936,13,Male,8,99.97,68.57,72.98,78.7,82.51,Basketball,64
937,7,Female,5,83.78,67.83,75.98,55.41,71.84,Swimming,83
938,15,Male,12,91.88,71.27,105.42,80.28,77.56,Football,71
939,16,Male,12,93.51,72.32,99.78,68.27,101.25,Basketball,98
940,13,Male,8,92.29,84.56,62.0,88.53,74.65,Basketball,88
941,8,Female,5,84.69,65.01,72.12,75.38,73.98,Gymnastics,97
942,12,Female,9,87.96,76.04,75.08,87.01,65.09,Gymnastics,75
943,8,Male,5,99.87,61.71,78.96,60.95,70.12,Football,71
944,12,Female,9,95.27,60.56,80.93,70.61,65.12,Running,70
945,16,Female,11,95.56,72.54,91.87,78.08,107.38,Track,84
946,17,Male,12,98.03,87.88,93.61,84.85,92.64,Basketball,81
947,7,Male,5,85.69,66.94,77.29,73.06,63.51,Football,66
948,15,Female,11,96.25,76.65,98.71,89.88,84.65,Gymnastics,87
949,11,Male,4,96.96,60.27,75.07,51.23,76.05,Swimming,81
950,8,Female,5,89.87,59.02,75.29,68.16,71.95,Swimming,95
951,8,Female,5,89.07,68.3,59.59,66.06,75.34,Swimming,53
952,14,Female,9,97.4,76.85,66.51,77.16,91.16,Volleyball,87
953,12,Female,8,93.92,64.2,101.01,79.05,93.39,Gymnastics,77
954,10,Male,5,83.4,90.21,77.1,57.09,65.82,Basketball,57
955,17,Male,12,93.98,84.99,107.22,67.14,97.95,Track,70
956,15,Male,11,94.28,91.51,84.35,62.8,69.58,Track,81
957,12,Male,8,96.76,92.34,80.98,64.64,84.43,Football,92
958,14,Female,9,85.43,85.43,78.96,79.48,81.68,Gymnastics,81
959,6,Female,5,97.31,64.31,77.61,59.17,80.26,Gymnastics,52
960,12,Male,9,96.48,81.66,97.44,86.8,83.98,Football,70
961,11,Female,4,94.55,76.45,91.39,66.75,56.0,Volleyball,87
962,15,Female,12,90.16,79.29,95.23,68.77,82.06,Track,79
963,17,Female,11,96.46,87.17,101.53,82.96,74.86,Gymnastics,80
964,14,Male,8,96.29,83.6,84.8,80.47,77.85,Running,74
965,6,Male,5,82.05,69.31,61.46,76.25,55.94,Basketball,97
966,9,Male,5,95.04,74.33,73.35,80.44,70.03,Basketball,93
967,14,Female,9,92.13,84.52,92.97,65.91,75.24,Running,92
968,9,Male,5,94.87,80.24,101.07,75.86,59.51,Basketball,64
969,15,Male,12,95.87,92.1,96.31,85.71,89.74,Football,98
970,8,Male,4,97.21,69.71,75.59,58.8,79.78,Swimming,82
971,14,Male,8,87.96,87.03,95.86,84.11,68.67,Running,93
972,7,Male,5,80.21,78.12,75.25,80.53,66.46,Swimming,83
973,9,Male,4,87.88,68.44,71.67,78.95,65.48,Football,66
974,11,Female,5,90.66,79.11,62.45,66.71,66.69,Gymnastics,71
975,7,Female,5,89.43,65.16,65.73,61.22,60.7,Swimming,81
976,13,Male,8,92.07,80.71,70.14,67.05,89.96,Running,96
977,13,Male,8,93.57,68.4,69.3,60.21,78.2,Running,88
978,6,Female,4,82.36,59.49,63.98,68.0,76.02,Swimming,98
979,17,Female,12,90.71,81.84,86.03,86.3,80.77,Volleyball,75
980,8,Male,4,90.75,85.3,60.94,76.24,63.58,Basketball,57
981,15,Male,11,95.08,95.55,92.49,84.38,101.08,Football,99
982,14,Male,8,92.58,88.31,88.39,73.67,78.04,Football,76
983,10,Male,4,85.43,62.14,62.5,56.76,66.87,Swimming,77
984,11,Female,4,83.5,76.5,70.14,59.19,55.07,Volleyball,61
985,9,Male,5,96.9,88.35,66.89,60.48,83.55,Football,96
986,15,Male,11,96.34,85.18,95.48,71.38,70.92,Track,98
987,7,Male,5,93.4,71.69,75.0,72.52,77.42,Football,77
988,16,Male,12,96.41,93.33,91.07,88.6,68.95,Football,87
989,13,Female,9,95.6,74.33,96.46,83.07,79.49,Volleyball,97
990,16,Female,12,92.58,83.43,98.4,84.36,98.6,Track,73
991,11,Female,5,94.91,66.9,73.17,54.23,71.05,Swimming,86
992,10,Male,4,87.46,48.98,78.31,68.4,64.01,Swimming,87
993,14,Male,9,89.32,83.53,93.08,85.04,59.63,Running,72
994,6,Female,4,89.87,60.84,71.54,77.98,60.55,Volleyball,98
995,10,Male,4,98.88,78.43,92.38,63.31,69.75,Swimming,95
996,11,Male,5,99.91,72.94,65.12,42.79,78.63,Basketball,73
997,10,Female,5,94.6,76.71,70.16,80.33,64.53,Volleyball,78
998,11,Female,4,97.77,78.07,66.99,69.15,74.45,Swimming,58
999,11,Female,4,81.23,63.56,64.55,50.52,56.05,Volleyball,70
1000,12,Female,9,85.29,93.32,86.85,76.83,94.27,Gymnastics,93
